City,DateTime,PM2.5_Actual
"Beijing, China",2026-02-07 00:00:00,126.51470137010455
"Beijing, China",2026-02-07 01:00:00,257.1430484321466
"Beijing, China",2026-02-07 02:00:00,200.14835119941765
"Beijing, China",2026-02-07 03:00:00,140.2919109931702
"Beijing, China",2026-02-07 04:00:00,109.97541332279977
"Beijing, China",2026-02-07 05:00:00,102.26281991366484
"Beijing, China",2026-02-07 06:00:00,97.2912304704463
"Beijing, China",2026-02-07 07:00:00,97.5456415801688
"Beijing, China",2026-02-07 08:00:00,127.59443556649194
"Beijing, China",2026-02-07 09:00:00,113.16750423853519
"Beijing, China",2026-02-07 10:00:00,85.88323438141073
"Beijing, China",2026-02-07 11:00:00,57.58823601391594
"Beijing, China",2026-02-07 12:00:00,44.45773059579296
"Beijing, China",2026-02-07 13:00:00,34.817033938914605
"Beijing, China",2026-02-07 14:00:00,28.57622964414371
"Beijing, China",2026-02-07 15:00:00,26.555870855436183
"Beijing, China",2026-02-07 16:00:00,41.6807213076638
"Beijing, China",2026-02-07 17:00:00,68.561636996173
"Beijing, China",2026-02-07 18:00:00,107.81345694555918
"Beijing, China",2026-02-07 19:00:00,116.0107370412421
"Beijing, China",2026-02-07 20:00:00,124.14513021514561
"Beijing, China",2026-02-07 21:00:00,109.68696601491153
"Beijing, China",2026-02-07 22:00:00,114.80838196964129
"Beijing, China",2026-02-07 23:00:00,110.20584341340003
"Beijing, China",2026-02-08 00:00:00,111.91339894957295
"Beijing, China",2026-02-08 01:00:00,114.13261686271008
"Beijing, China",2026-02-08 02:00:00,116.62161112537407
"Beijing, China",2026-02-08 03:00:00,110.07641428496393
"Beijing, China",2026-02-08 04:00:00,111.3098065531456
"Beijing, China",2026-02-08 05:00:00,100.2402985394255
"Beijing, China",2026-02-08 06:00:00,94.91197270356705
"Beijing, China",2026-02-08 07:00:00,96.28813389066578
"Beijing, China",2026-02-08 08:00:00,132.7960994649171
"Beijing, China",2026-02-08 09:00:00,149.37249148910487
"Beijing, China",2026-02-08 10:00:00,119.66759429407114
"Beijing, China",2026-02-08 11:00:00,79.39646991540074
"Beijing, China",2026-02-08 12:00:00,53.874561926801135
"Beijing, China",2026-02-08 13:00:00,37.26931258502792
"Beijing, China",2026-02-08 14:00:00,19.16035656749968
"Beijing, China",2026-02-08 15:00:00,5.262236158847689
"Beijing, China",2026-02-08 16:00:00,6.656659439988507
"Beijing, China",2026-02-08 17:00:00,25.71726531395127
"Beijing, China",2026-02-08 18:00:00,52.62931611574948
"Beijing, China",2026-02-08 19:00:00,67.54647262330577
"Beijing, China",2026-02-08 20:00:00,65.4897474027588
"Beijing, China",2026-02-08 21:00:00,61.55381316401974
"Beijing, China",2026-02-08 22:00:00,64.34377133012595
"Beijing, China",2026-02-08 23:00:00,63.173099235547745
"Beijing, China",2026-02-09 00:00:00,58.79791334507811
"Beijing, China",2026-02-09 01:00:00,56.264666949321004
"Beijing, China",2026-02-09 02:00:00,51.83112336068352
"Beijing, China",2026-02-09 03:00:00,49.020918554790235
"Beijing, China",2026-02-09 04:00:00,47.31822719525174
"Beijing, China",2026-02-09 05:00:00,54.43739682146693
"Beijing, China",2026-02-09 06:00:00,63.79656568290288
"Beijing, China",2026-02-09 07:00:00,97.98266742611011
"Beijing, China",2026-02-09 08:00:00,138.43716733199818
"Beijing, China",2026-02-09 09:00:00,143.25494138161113
"Beijing, China",2026-02-09 10:00:00,91.31789377765767
"Beijing, China",2026-02-09 11:00:00,63.681456755171254
"Beijing, China",2026-02-09 12:00:00,46.130645819195664
"Beijing, China",2026-02-09 13:00:00,41.78529478832101
"Beijing, China",2026-02-09 14:00:00,36.19990391157546
"Beijing, China",2026-02-09 15:00:00,34.55401542477364
"Beijing, China",2026-02-09 16:00:00,41.748674567733126
"Beijing, China",2026-02-09 17:00:00,62.87787997630518
"Beijing, China",2026-02-09 18:00:00,95.56017498653047
"Beijing, China",2026-02-09 19:00:00,113.75669069165708
"Beijing, China",2026-02-09 20:00:00,110.15911443986822
"Beijing, China",2026-02-09 21:00:00,94.03750331220625
"Beijing, China",2026-02-09 22:00:00,93.00288495194009
"Beijing, China",2026-02-09 23:00:00,107.48221533780446
"Beijing, China",2026-02-10 00:00:00,111.49703242863895
"Beijing, China",2026-02-10 01:00:00,114.01042553052893
"Beijing, China",2026-02-10 02:00:00,101.83345282489367
"Beijing, China",2026-02-10 03:00:00,95.29314169175106
"Beijing, China",2026-02-10 04:00:00,94.06145812782752
"Beijing, China",2026-02-10 05:00:00,98.99875493518117
"Beijing, China",2026-02-10 06:00:00,111.16192114095188
"Beijing, China",2026-02-10 07:00:00,131.203342249484
"Beijing, China",2026-02-10 08:00:00,173.35804223093623
"Beijing, China",2026-02-10 09:00:00,178.45343704194428
"Beijing, China",2026-02-10 10:00:00,145.27441071964498
"Beijing, China",2026-02-10 11:00:00,124.7104383001371
"Beijing, China",2026-02-10 12:00:00,113.39719803880071
"Beijing, China",2026-02-10 13:00:00,119.19744710204623
"Beijing, China",2026-02-10 14:00:00,122.27735534019193
"Beijing, China",2026-02-10 15:00:00,134.90318057677607
"Beijing, China",2026-02-10 16:00:00,151.85788017607572
"Beijing, China",2026-02-10 17:00:00,174.4251334080326
"Beijing, China",2026-02-10 18:00:00,209.16882371043968
"Beijing, China",2026-02-10 19:00:00,239.8154007276597
"Beijing, China",2026-02-10 20:00:00,247.14777049557867
"Beijing, China",2026-02-10 21:00:00,256.63239660366855
"Beijing, China",2026-02-10 22:00:00,255.42134529587653
"Beijing, China",2026-02-10 23:00:00,289.9521625121205
"Beijing, China",2026-02-11 00:00:00,331.77016269632327
"Beijing, China",2026-02-11 01:00:00,324.95042427594876
"Beijing, China",2026-02-11 02:00:00,309.1381937025988
"Beijing, China",2026-02-11 03:00:00,295.3720670833925
"Beijing, China",2026-02-11 04:00:00,281.7921904382252
"Beijing, China",2026-02-11 05:00:00,279.2223497645689
"Beijing, China",2026-02-11 06:00:00,240.4929447900019
"Beijing, China",2026-02-11 07:00:00,256.1900556927468
"Beijing, China",2026-02-11 08:00:00,261.46393147182243
"Beijing, China",2026-02-11 09:00:00,248.95594652655012
"Beijing, China",2026-02-11 10:00:00,216.00575854472626
"Beijing, China",2026-02-11 11:00:00,156.28860646198203
"Beijing, China",2026-02-11 12:00:00,130.24105417472418
"Beijing, China",2026-02-11 13:00:00,108.23874991043236
"Beijing, China",2026-02-11 14:00:00,103.77519180489557
"Beijing, China",2026-02-11 15:00:00,89.54694045169214
"Beijing, China",2026-02-11 16:00:00,95.5571960199707
"Beijing, China",2026-02-11 17:00:00,118.49605890694339
"Beijing, China",2026-02-11 18:00:00,165.27182833025734
"Beijing, China",2026-02-11 19:00:00,189.03496606144944
"Beijing, China",2026-02-11 20:00:00,221.6044911914002
"Beijing, China",2026-02-11 21:00:00,208.24809312416394
"Beijing, China",2026-02-11 22:00:00,194.4847254984519
"Beijing, China",2026-02-11 23:00:00,174.08483546647017
"Beijing, China",2026-02-12 00:00:00,161.94902044610126
"Beijing, China",2026-02-12 01:00:00,159.68653044659948
"Beijing, China",2026-02-12 02:00:00,137.5766915447597
"Beijing, China",2026-02-12 03:00:00,106.43412150011685
"Beijing, China",2026-02-12 04:00:00,71.60841634321191
"Beijing, China",2026-02-12 05:00:00,33.60926647902075
"Beijing, China",2026-02-12 06:00:00,12.624129500213327
"Beijing, China",2026-02-12 07:00:00,15.029122655919117
"Beijing, China",2026-02-12 08:00:00,38.36701000840041
"Beijing, China",2026-02-12 09:00:00,32.65073024168109
"Beijing, China",2026-02-12 10:00:00,12.921229263312869
"Beijing, China",2026-02-12 11:00:00,0.0
"Beijing, China",2026-02-12 12:00:00,0.0
"Beijing, China",2026-02-12 13:00:00,0.0
"Beijing, China",2026-02-12 14:00:00,0.05880079502832576
"Beijing, China",2026-02-12 15:00:00,3.1731646039786066
"Beijing, China",2026-02-12 16:00:00,6.130916956750875
"Beijing, China",2026-02-12 17:00:00,21.105103646990404
"Beijing, China",2026-02-12 18:00:00,50.88485078095029
"Beijing, China",2026-02-12 19:00:00,65.15487218793507
"Beijing, China",2026-02-12 20:00:00,54.83020465706645
"Beijing, China",2026-02-12 21:00:00,44.337701756458316
"Beijing, China",2026-02-12 22:00:00,39.73820247051769
"Beijing, China",2026-02-12 23:00:00,35.03902682358018
"Beijing, China",2026-02-13 00:00:00,21.359968248061193
"Beijing, China",2026-02-13 01:00:00,15.451442525886643
"Beijing, China",2026-02-13 02:00:00,13.519869597689354
"Beijing, China",2026-02-13 03:00:00,9.571578028445611
"Beijing, China",2026-02-13 04:00:00,8.807607082690991
"Beijing, China",2026-02-13 05:00:00,10.798965326524744
"Beijing, China",2026-02-13 06:00:00,13.321554640060162
"Beijing, China",2026-02-13 07:00:00,22.75444704951678
"Beijing, China",2026-02-13 08:00:00,44.20916011828598
"Beijing, China",2026-02-13 09:00:00,42.42005397881589
"Beijing, China",2026-02-13 10:00:00,20.484197189630986
"Beijing, China",2026-02-13 11:00:00,2.5078431722986854
"Beijing, China",2026-02-13 12:00:00,0.746777832487422
"Beijing, China",2026-02-13 13:00:00,3.7659155811473175
"Beijing, China",2026-02-13 14:00:00,7.70453283633685
"Beijing, China",2026-02-13 15:00:00,11.348569870774087
"Beijing, China",2026-02-13 16:00:00,18.506041963307386
"Beijing, China",2026-02-13 17:00:00,33.6649408354972
"Beijing, China",2026-02-13 18:00:00,68.033255833927
"Beijing, China",2026-02-13 19:00:00,81.26577544069741
"Beijing, China",2026-02-13 20:00:00,102.89481719151804
"Beijing, China",2026-02-13 21:00:00,105.94289462741017
"Beijing, China",2026-02-13 22:00:00,127.54852254961847
"Beijing, China",2026-02-13 23:00:00,135.38426193386005
"Delhi, India",2026-02-07 00:00:00,60.670427176221395
"Delhi, India",2026-02-07 01:00:00,153.27194801718585
"Delhi, India",2026-02-07 02:00:00,144.26726091700377
"Delhi, India",2026-02-07 03:00:00,129.63149102960216
"Delhi, India",2026-02-07 04:00:00,127.72349714479432
"Delhi, India",2026-02-07 05:00:00,144.14203180118412
"Delhi, India",2026-02-07 06:00:00,137.8840033996147
"Delhi, India",2026-02-07 07:00:00,143.1818713636553
"Delhi, India",2026-02-07 08:00:00,140.1484135817877
"Delhi, India",2026-02-07 09:00:00,141.79292833472314
"Delhi, India",2026-02-07 10:00:00,136.57817759035777
"Delhi, India",2026-02-07 11:00:00,122.66186912474298
"Delhi, India",2026-02-07 12:00:00,104.90959922545046
"Delhi, India",2026-02-07 13:00:00,89.99821414182465
"Delhi, India",2026-02-07 14:00:00,84.3559725600349
"Delhi, India",2026-02-07 15:00:00,77.04383333001998
"Delhi, India",2026-02-07 16:00:00,74.54327367930281
"Delhi, India",2026-02-07 17:00:00,89.56586544786174
"Delhi, India",2026-02-07 18:00:00,106.40584710987576
"Delhi, India",2026-02-07 19:00:00,127.59383078775434
"Delhi, India",2026-02-07 20:00:00,138.79445826081246
"Delhi, India",2026-02-07 21:00:00,132.52144395240614
"Delhi, India",2026-02-07 22:00:00,132.70862460221358
"Delhi, India",2026-02-07 23:00:00,123.76121460348303
"Delhi, India",2026-02-08 00:00:00,111.38746949924578
"Delhi, India",2026-02-08 01:00:00,100.99842107824098
"Delhi, India",2026-02-08 02:00:00,98.38451743641177
"Delhi, India",2026-02-08 03:00:00,97.15680511945921
"Delhi, India",2026-02-08 04:00:00,90.82198255186267
"Delhi, India",2026-02-08 05:00:00,98.78308766698268
"Delhi, India",2026-02-08 06:00:00,105.8059279238492
"Delhi, India",2026-02-08 07:00:00,116.28601254272091
"Delhi, India",2026-02-08 08:00:00,124.42542649204057
"Delhi, India",2026-02-08 09:00:00,108.99400848894958
"Delhi, India",2026-02-08 10:00:00,102.09825008875657
"Delhi, India",2026-02-08 11:00:00,85.72095039840556
"Delhi, India",2026-02-08 12:00:00,73.40232000316743
"Delhi, India",2026-02-08 13:00:00,60.153783556876085
"Delhi, India",2026-02-08 14:00:00,55.82657212959161
"Delhi, India",2026-02-08 15:00:00,60.65389053238386
"Delhi, India",2026-02-08 16:00:00,65.70871742238903
"Delhi, India",2026-02-08 17:00:00,95.2814085228672
"Delhi, India",2026-02-08 18:00:00,115.20961181635424
"Delhi, India",2026-02-08 19:00:00,140.16900936518428
"Delhi, India",2026-02-08 20:00:00,166.28958969549205
"Delhi, India",2026-02-08 21:00:00,187.43195735922788
"Delhi, India",2026-02-08 22:00:00,207.21768197542355
"Delhi, India",2026-02-08 23:00:00,198.25000909121945
"Delhi, India",2026-02-09 00:00:00,177.07006669258303
"Delhi, India",2026-02-09 01:00:00,147.7149328296361
"Delhi, India",2026-02-09 02:00:00,125.74603318648228
"Delhi, India",2026-02-09 03:00:00,111.13995458509473
"Delhi, India",2026-02-09 04:00:00,101.18092957339563
"Delhi, India",2026-02-09 05:00:00,107.90528124170662
"Delhi, India",2026-02-09 06:00:00,110.10517582661757
"Delhi, India",2026-02-09 07:00:00,129.76404009548645
"Delhi, India",2026-02-09 08:00:00,137.66096898302155
"Delhi, India",2026-02-09 09:00:00,126.42978457288649
"Delhi, India",2026-02-09 10:00:00,107.13250827279766
"Delhi, India",2026-02-09 11:00:00,84.23688259045296
"Delhi, India",2026-02-09 12:00:00,69.87928052570942
"Delhi, India",2026-02-09 13:00:00,58.916381121406246
"Delhi, India",2026-02-09 14:00:00,56.909586629270194
"Delhi, India",2026-02-09 15:00:00,53.74702346389121
"Delhi, India",2026-02-09 16:00:00,53.585978614421876
"Delhi, India",2026-02-09 17:00:00,67.5835668626692
"Delhi, India",2026-02-09 18:00:00,83.6843396297413
"Delhi, India",2026-02-09 19:00:00,88.68759313667552
"Delhi, India",2026-02-09 20:00:00,97.28451770193561
"Delhi, India",2026-02-09 21:00:00,96.40983694743879
"Delhi, India",2026-02-09 22:00:00,103.62218749409719
"Delhi, India",2026-02-09 23:00:00,98.42893292081811
"Delhi, India",2026-02-10 00:00:00,90.83582595909195
"Delhi, India",2026-02-10 01:00:00,95.67247411288125
"Delhi, India",2026-02-10 02:00:00,95.92223623786933
"Delhi, India",2026-02-10 03:00:00,96.07757180155406
"Delhi, India",2026-02-10 04:00:00,93.56897297651194
"Delhi, India",2026-02-10 05:00:00,115.1843502234161
"Delhi, India",2026-02-10 06:00:00,119.32157365290634
"Delhi, India",2026-02-10 07:00:00,115.843627951085
"Delhi, India",2026-02-10 08:00:00,105.69770449342145
"Delhi, India",2026-02-10 09:00:00,110.99858054346326
"Delhi, India",2026-02-10 10:00:00,102.73635457784779
"Delhi, India",2026-02-10 11:00:00,92.01452918142556
"Delhi, India",2026-02-10 12:00:00,75.01192089259914
"Delhi, India",2026-02-10 13:00:00,66.01332058221945
"Delhi, India",2026-02-10 14:00:00,58.026687716753955
"Delhi, India",2026-02-10 15:00:00,53.478162318785714
"Delhi, India",2026-02-10 16:00:00,50.665822729182885
"Delhi, India",2026-02-10 17:00:00,71.7325222534509
"Delhi, India",2026-02-10 18:00:00,93.51835550762654
"Delhi, India",2026-02-10 19:00:00,117.58315689531604
"Delhi, India",2026-02-10 20:00:00,134.23953539033397
"Delhi, India",2026-02-10 21:00:00,150.50969930643936
"Delhi, India",2026-02-10 22:00:00,160.8344720914203
"Delhi, India",2026-02-10 23:00:00,161.7335600898611
"Delhi, India",2026-02-11 00:00:00,151.26559000690446
"Delhi, India",2026-02-11 01:00:00,140.03181666993865
"Delhi, India",2026-02-11 02:00:00,133.99498077594114
"Delhi, India",2026-02-11 03:00:00,122.76646200453604
"Delhi, India",2026-02-11 04:00:00,114.42664638970236
"Delhi, India",2026-02-11 05:00:00,111.32144286220753
"Delhi, India",2026-02-11 06:00:00,113.60962012458562
"Delhi, India",2026-02-11 07:00:00,125.46116560327755
"Delhi, India",2026-02-11 08:00:00,131.50655789570664
"Delhi, India",2026-02-11 09:00:00,116.14799842802026
"Delhi, India",2026-02-11 10:00:00,97.98806118796564
"Delhi, India",2026-02-11 11:00:00,88.50293658572153
"Delhi, India",2026-02-11 12:00:00,74.2468481496469
"Delhi, India",2026-02-11 13:00:00,64.630036730215
"Delhi, India",2026-02-11 14:00:00,51.74268518232346
"Delhi, India",2026-02-11 15:00:00,49.80205821330462
"Delhi, India",2026-02-11 16:00:00,48.71489123023866
"Delhi, India",2026-02-11 17:00:00,69.29973145009531
"Delhi, India",2026-02-11 18:00:00,77.27804555344406
"Delhi, India",2026-02-11 19:00:00,83.41992816060001
"Delhi, India",2026-02-11 20:00:00,89.81882237780162
"Delhi, India",2026-02-11 21:00:00,91.9837179386057
"Delhi, India",2026-02-11 22:00:00,94.25933805097752
"Delhi, India",2026-02-11 23:00:00,92.321823114192
"Delhi, India",2026-02-12 00:00:00,87.39216464867464
"Delhi, India",2026-02-12 01:00:00,87.86495146761536
"Delhi, India",2026-02-12 02:00:00,78.87734505265085
"Delhi, India",2026-02-12 03:00:00,76.43247103729429
"Delhi, India",2026-02-12 04:00:00,72.29473318741135
"Delhi, India",2026-02-12 05:00:00,88.87840540127954
"Delhi, India",2026-02-12 06:00:00,91.08560707104887
"Delhi, India",2026-02-12 07:00:00,92.29294114252171
"Delhi, India",2026-02-12 08:00:00,96.54796689215208
"Delhi, India",2026-02-12 09:00:00,101.4171498612347
"Delhi, India",2026-02-12 10:00:00,95.61203123203845
"Delhi, India",2026-02-12 11:00:00,86.02432409458898
"Delhi, India",2026-02-12 12:00:00,64.78037310349566
"Delhi, India",2026-02-12 13:00:00,56.42458769257171
"Delhi, India",2026-02-12 14:00:00,47.11022988670074
"Delhi, India",2026-02-12 15:00:00,44.73177299538372
"Delhi, India",2026-02-12 16:00:00,45.87190716701393
"Delhi, India",2026-02-12 17:00:00,68.43476785195506
"Delhi, India",2026-02-12 18:00:00,85.73246160464922
"Delhi, India",2026-02-12 19:00:00,96.22620728940863
"Delhi, India",2026-02-12 20:00:00,102.98390058054376
"Delhi, India",2026-02-12 21:00:00,107.4781264534703
"Delhi, India",2026-02-12 22:00:00,108.58383161048826
"Delhi, India",2026-02-12 23:00:00,107.397156552092
"Delhi, India",2026-02-13 00:00:00,92.60689995525185
"Delhi, India",2026-02-13 01:00:00,87.16498960792615
"Delhi, India",2026-02-13 02:00:00,80.83402032984786
"Delhi, India",2026-02-13 03:00:00,83.52334117905822
"Delhi, India",2026-02-13 04:00:00,79.48408260797598
"Delhi, India",2026-02-13 05:00:00,92.29726154240498
"Delhi, India",2026-02-13 06:00:00,90.36405613614302
"Delhi, India",2026-02-13 07:00:00,105.33885627456331
"Delhi, India",2026-02-13 08:00:00,108.94685929956894
"Delhi, India",2026-02-13 09:00:00,112.47319405001991
"Delhi, India",2026-02-13 10:00:00,103.42995554568942
"Delhi, India",2026-02-13 11:00:00,84.55170825986312
"Delhi, India",2026-02-13 12:00:00,63.942989266981506
"Delhi, India",2026-02-13 13:00:00,49.29315721385039
"Delhi, India",2026-02-13 14:00:00,46.236702777687725
"Delhi, India",2026-02-13 15:00:00,46.88759867881032
"Delhi, India",2026-02-13 16:00:00,49.49093440847012
"Delhi, India",2026-02-13 17:00:00,69.84366601007653
"Delhi, India",2026-02-13 18:00:00,73.06832394175021
"Delhi, India",2026-02-13 19:00:00,79.02475997602924
"Delhi, India",2026-02-13 20:00:00,80.06292344956319
"Delhi, India",2026-02-13 21:00:00,82.50346653520423
"Delhi, India",2026-02-13 22:00:00,86.27270683176552
"Delhi, India",2026-02-13 23:00:00,88.24617538415652
"Dhaka, Bangladesh",2026-02-07 00:00:00,58.102515965411285
"Dhaka, Bangladesh",2026-02-07 01:00:00,64.51779921194027
"Dhaka, Bangladesh",2026-02-07 02:00:00,62.85243803324399
"Dhaka, Bangladesh",2026-02-07 03:00:00,72.63686270917299
"Dhaka, Bangladesh",2026-02-07 04:00:00,78.90541806318875
"Dhaka, Bangladesh",2026-02-07 05:00:00,74.89087470592641
"Dhaka, Bangladesh",2026-02-07 06:00:00,76.11484094180034
"Dhaka, Bangladesh",2026-02-07 07:00:00,79.57346253450329
"Dhaka, Bangladesh",2026-02-07 08:00:00,84.96197790231594
"Dhaka, Bangladesh",2026-02-07 09:00:00,87.37731505608438
"Dhaka, Bangladesh",2026-02-07 10:00:00,75.60637870161523
"Dhaka, Bangladesh",2026-02-07 11:00:00,67.36279606417948
"Dhaka, Bangladesh",2026-02-07 12:00:00,51.7581772882048
"Dhaka, Bangladesh",2026-02-07 13:00:00,48.20369780393402
"Dhaka, Bangladesh",2026-02-07 14:00:00,46.904812591347124
"Dhaka, Bangladesh",2026-02-07 15:00:00,48.122475821746136
"Dhaka, Bangladesh",2026-02-07 16:00:00,46.67343351011227
"Dhaka, Bangladesh",2026-02-07 17:00:00,48.55887163010719
"Dhaka, Bangladesh",2026-02-07 18:00:00,65.01849074696429
"Dhaka, Bangladesh",2026-02-07 19:00:00,72.37794626101702
"Dhaka, Bangladesh",2026-02-07 20:00:00,74.47866562040193
"Dhaka, Bangladesh",2026-02-07 21:00:00,80.35477119925841
"Dhaka, Bangladesh",2026-02-07 22:00:00,85.3987717533289
"Dhaka, Bangladesh",2026-02-07 23:00:00,82.43945962638016
"Dhaka, Bangladesh",2026-02-08 00:00:00,79.905910581104
"Dhaka, Bangladesh",2026-02-08 01:00:00,81.22311900200776
"Dhaka, Bangladesh",2026-02-08 02:00:00,83.39530945633251
"Dhaka, Bangladesh",2026-02-08 03:00:00,82.12052638124746
"Dhaka, Bangladesh",2026-02-08 04:00:00,78.57770489322965
"Dhaka, Bangladesh",2026-02-08 05:00:00,86.28117460988683
"Dhaka, Bangladesh",2026-02-08 06:00:00,92.66050472888557
"Dhaka, Bangladesh",2026-02-08 07:00:00,104.9528949459769
"Dhaka, Bangladesh",2026-02-08 08:00:00,108.57465088541115
"Dhaka, Bangladesh",2026-02-08 09:00:00,105.40756130875656
"Dhaka, Bangladesh",2026-02-08 10:00:00,90.39976702477966
"Dhaka, Bangladesh",2026-02-08 11:00:00,79.02061729604875
"Dhaka, Bangladesh",2026-02-08 12:00:00,65.25554120423475
"Dhaka, Bangladesh",2026-02-08 13:00:00,54.24710354762399
"Dhaka, Bangladesh",2026-02-08 14:00:00,50.227150556391976
"Dhaka, Bangladesh",2026-02-08 15:00:00,48.41366952008504
"Dhaka, Bangladesh",2026-02-08 16:00:00,53.07707476428927
"Dhaka, Bangladesh",2026-02-08 17:00:00,58.44144493947345
"Dhaka, Bangladesh",2026-02-08 18:00:00,77.88873415995812
"Dhaka, Bangladesh",2026-02-08 19:00:00,84.11771837954282
"Dhaka, Bangladesh",2026-02-08 20:00:00,74.31405868234516
"Dhaka, Bangladesh",2026-02-08 21:00:00,77.0793747185586
"Dhaka, Bangladesh",2026-02-08 22:00:00,82.72238937522626
"Dhaka, Bangladesh",2026-02-08 23:00:00,89.1915711638213
"Dhaka, Bangladesh",2026-02-09 00:00:00,89.7922631888774
"Dhaka, Bangladesh",2026-02-09 01:00:00,80.24797836408445
"Dhaka, Bangladesh",2026-02-09 02:00:00,69.93012663526153
"Dhaka, Bangladesh",2026-02-09 03:00:00,70.31353930697757
"Dhaka, Bangladesh",2026-02-09 04:00:00,75.46332303793844
"Dhaka, Bangladesh",2026-02-09 05:00:00,88.41632639390598
"Dhaka, Bangladesh",2026-02-09 06:00:00,94.72913341336844
"Dhaka, Bangladesh",2026-02-09 07:00:00,104.94485695861863
"Dhaka, Bangladesh",2026-02-09 08:00:00,110.60453861719283
"Dhaka, Bangladesh",2026-02-09 09:00:00,103.05209501299366
"Dhaka, Bangladesh",2026-02-09 10:00:00,93.90376822402096
"Dhaka, Bangladesh",2026-02-09 11:00:00,73.02714773029716
"Dhaka, Bangladesh",2026-02-09 12:00:00,61.41458127370847
"Dhaka, Bangladesh",2026-02-09 13:00:00,55.57063126434481
"Dhaka, Bangladesh",2026-02-09 14:00:00,56.5046452229683
"Dhaka, Bangladesh",2026-02-09 15:00:00,54.246903850158176
"Dhaka, Bangladesh",2026-02-09 16:00:00,55.831208607596345
"Dhaka, Bangladesh",2026-02-09 17:00:00,62.30575144363739
"Dhaka, Bangladesh",2026-02-09 18:00:00,90.4210478976262
"Dhaka, Bangladesh",2026-02-09 19:00:00,106.03906290863658
"Dhaka, Bangladesh",2026-02-09 20:00:00,101.15523843543794
"Dhaka, Bangladesh",2026-02-09 21:00:00,94.57430098092541
"Dhaka, Bangladesh",2026-02-09 22:00:00,81.76201273157808
"Dhaka, Bangladesh",2026-02-09 23:00:00,77.87164890009775
"Dhaka, Bangladesh",2026-02-10 00:00:00,77.14466866198329
"Dhaka, Bangladesh",2026-02-10 01:00:00,83.78409906929832
"Dhaka, Bangladesh",2026-02-10 02:00:00,91.50748362059954
"Dhaka, Bangladesh",2026-02-10 03:00:00,95.13611737311237
"Dhaka, Bangladesh",2026-02-10 04:00:00,97.17648638211763
"Dhaka, Bangladesh",2026-02-10 05:00:00,105.66109047472054
"Dhaka, Bangladesh",2026-02-10 06:00:00,108.22212572563097
"Dhaka, Bangladesh",2026-02-10 07:00:00,118.7635104312538
"Dhaka, Bangladesh",2026-02-10 08:00:00,117.29152584316105
"Dhaka, Bangladesh",2026-02-10 09:00:00,108.41398432245737
"Dhaka, Bangladesh",2026-02-10 10:00:00,89.0649642883764
"Dhaka, Bangladesh",2026-02-10 11:00:00,67.6981466053106
"Dhaka, Bangladesh",2026-02-10 12:00:00,56.30368875645907
"Dhaka, Bangladesh",2026-02-10 13:00:00,50.97062274908554
"Dhaka, Bangladesh",2026-02-10 14:00:00,54.16087844137648
"Dhaka, Bangladesh",2026-02-10 15:00:00,59.63420193951792
"Dhaka, Bangladesh",2026-02-10 16:00:00,56.95785568395239
"Dhaka, Bangladesh",2026-02-10 17:00:00,61.162304807402755
"Dhaka, Bangladesh",2026-02-10 18:00:00,73.26508619013077
"Dhaka, Bangladesh",2026-02-10 19:00:00,86.71160592699097
"Dhaka, Bangladesh",2026-02-10 20:00:00,85.5810176706631
"Dhaka, Bangladesh",2026-02-10 21:00:00,80.24683699550094
"Dhaka, Bangladesh",2026-02-10 22:00:00,80.24629312546
"Dhaka, Bangladesh",2026-02-10 23:00:00,78.2353620580628
"Dhaka, Bangladesh",2026-02-11 00:00:00,83.03007937646007
"Dhaka, Bangladesh",2026-02-11 01:00:00,75.61738270041297
"Dhaka, Bangladesh",2026-02-11 02:00:00,76.82665519323355
"Dhaka, Bangladesh",2026-02-11 03:00:00,82.42500741709834
"Dhaka, Bangladesh",2026-02-11 04:00:00,87.87594513688909
"Dhaka, Bangladesh",2026-02-11 05:00:00,94.15839186337615
"Dhaka, Bangladesh",2026-02-11 06:00:00,97.40752960387579
"Dhaka, Bangladesh",2026-02-11 07:00:00,110.82764329593036
"Dhaka, Bangladesh",2026-02-11 08:00:00,110.7891574645376
"Dhaka, Bangladesh",2026-02-11 09:00:00,95.54695584914056
"Dhaka, Bangladesh",2026-02-11 10:00:00,83.42660892879657
"Dhaka, Bangladesh",2026-02-11 11:00:00,68.42674425564994
"Dhaka, Bangladesh",2026-02-11 12:00:00,65.19259373005004
"Dhaka, Bangladesh",2026-02-11 13:00:00,57.84075888481982
"Dhaka, Bangladesh",2026-02-11 14:00:00,55.86559899351912
"Dhaka, Bangladesh",2026-02-11 15:00:00,53.11248574262348
"Dhaka, Bangladesh",2026-02-11 16:00:00,56.44347738245081
"Dhaka, Bangladesh",2026-02-11 17:00:00,66.77435435986256
"Dhaka, Bangladesh",2026-02-11 18:00:00,90.36062556468917
"Dhaka, Bangladesh",2026-02-11 19:00:00,92.99819036515558
"Dhaka, Bangladesh",2026-02-11 20:00:00,91.9620062269286
"Dhaka, Bangladesh",2026-02-11 21:00:00,88.09168278167878
"Dhaka, Bangladesh",2026-02-11 22:00:00,88.37020900239769
"Dhaka, Bangladesh",2026-02-11 23:00:00,84.45139977382954
"Dhaka, Bangladesh",2026-02-12 00:00:00,88.87807618344681
"Dhaka, Bangladesh",2026-02-12 01:00:00,83.81543254448282
"Dhaka, Bangladesh",2026-02-12 02:00:00,77.54877130356573
"Dhaka, Bangladesh",2026-02-12 03:00:00,67.8294632515337
"Dhaka, Bangladesh",2026-02-12 04:00:00,66.42717302591231
"Dhaka, Bangladesh",2026-02-12 05:00:00,71.00872069163798
"Dhaka, Bangladesh",2026-02-12 06:00:00,79.39826576056274
"Dhaka, Bangladesh",2026-02-12 07:00:00,97.39497022098563
"Dhaka, Bangladesh",2026-02-12 08:00:00,104.81311969422293
"Dhaka, Bangladesh",2026-02-12 09:00:00,92.38938143901578
"Dhaka, Bangladesh",2026-02-12 10:00:00,74.00200874230259
"Dhaka, Bangladesh",2026-02-12 11:00:00,56.3693600028782
"Dhaka, Bangladesh",2026-02-12 12:00:00,51.35703356142076
"Dhaka, Bangladesh",2026-02-12 13:00:00,48.38225162178803
"Dhaka, Bangladesh",2026-02-12 14:00:00,48.03026774287476
"Dhaka, Bangladesh",2026-02-12 15:00:00,45.335574273103774
"Dhaka, Bangladesh",2026-02-12 16:00:00,45.637777565327234
"Dhaka, Bangladesh",2026-02-12 17:00:00,46.04720455346056
"Dhaka, Bangladesh",2026-02-12 18:00:00,67.34303879165712
"Dhaka, Bangladesh",2026-02-12 19:00:00,83.0333100977965
"Dhaka, Bangladesh",2026-02-12 20:00:00,96.33527550434424
"Dhaka, Bangladesh",2026-02-12 21:00:00,109.32942630454494
"Dhaka, Bangladesh",2026-02-12 22:00:00,104.32584336505072
"Dhaka, Bangladesh",2026-02-12 23:00:00,110.51735883799246
"Dhaka, Bangladesh",2026-02-13 00:00:00,106.28576912676071
"Dhaka, Bangladesh",2026-02-13 01:00:00,104.52827760411006
"Dhaka, Bangladesh",2026-02-13 02:00:00,93.49809108410875
"Dhaka, Bangladesh",2026-02-13 03:00:00,87.89537011948987
"Dhaka, Bangladesh",2026-02-13 04:00:00,79.37018651757872
"Dhaka, Bangladesh",2026-02-13 05:00:00,82.8444942833669
"Dhaka, Bangladesh",2026-02-13 06:00:00,86.38411691762116
"Dhaka, Bangladesh",2026-02-13 07:00:00,97.72097197554353
"Dhaka, Bangladesh",2026-02-13 08:00:00,96.00116988512448
"Dhaka, Bangladesh",2026-02-13 09:00:00,86.4587607758143
"Dhaka, Bangladesh",2026-02-13 10:00:00,73.23540377626013
"Dhaka, Bangladesh",2026-02-13 11:00:00,63.17796768788052
"Dhaka, Bangladesh",2026-02-13 12:00:00,49.55962854379116
"Dhaka, Bangladesh",2026-02-13 13:00:00,46.577395756701556
"Dhaka, Bangladesh",2026-02-13 14:00:00,38.57963546845394
"Dhaka, Bangladesh",2026-02-13 15:00:00,38.32866602602079
"Dhaka, Bangladesh",2026-02-13 16:00:00,41.07705513736231
"Dhaka, Bangladesh",2026-02-13 17:00:00,50.34940354511276
"Dhaka, Bangladesh",2026-02-13 18:00:00,72.40503645752987
"Dhaka, Bangladesh",2026-02-13 19:00:00,70.81985013122085
"Dhaka, Bangladesh",2026-02-13 20:00:00,60.194645502829026
"Dhaka, Bangladesh",2026-02-13 21:00:00,60.947504960338215
"Dhaka, Bangladesh",2026-02-13 22:00:00,74.94855912175491
"Dhaka, Bangladesh",2026-02-13 23:00:00,89.12577410241948
"Jakarta, Indonesia",2026-02-07 00:00:00,56.51899246556683
"Jakarta, Indonesia",2026-02-07 01:00:00,105.64344665232159
"Jakarta, Indonesia",2026-02-07 02:00:00,96.60200891523473
"Jakarta, Indonesia",2026-02-07 03:00:00,85.06180205243199
"Jakarta, Indonesia",2026-02-07 04:00:00,83.69675343875382
"Jakarta, Indonesia",2026-02-07 05:00:00,83.18134722907716
"Jakarta, Indonesia",2026-02-07 06:00:00,83.19418689389096
"Jakarta, Indonesia",2026-02-07 07:00:00,86.10455623222413
"Jakarta, Indonesia",2026-02-07 08:00:00,63.70031562791609
"Jakarta, Indonesia",2026-02-07 09:00:00,48.668952645263055
"Jakarta, Indonesia",2026-02-07 10:00:00,37.6833843250387
"Jakarta, Indonesia",2026-02-07 11:00:00,28.24810936745406
"Jakarta, Indonesia",2026-02-07 12:00:00,23.171338372279493
"Jakarta, Indonesia",2026-02-07 13:00:00,24.066539163932248
"Jakarta, Indonesia",2026-02-07 14:00:00,25.951589300172873
"Jakarta, Indonesia",2026-02-07 15:00:00,29.35467740361116
"Jakarta, Indonesia",2026-02-07 16:00:00,25.74298043247447
"Jakarta, Indonesia",2026-02-07 17:00:00,29.850945891833224
"Jakarta, Indonesia",2026-02-07 18:00:00,40.76629502986243
"Jakarta, Indonesia",2026-02-07 19:00:00,69.06912757254749
"Jakarta, Indonesia",2026-02-07 20:00:00,82.59791114231085
"Jakarta, Indonesia",2026-02-07 21:00:00,90.85903022559812
"Jakarta, Indonesia",2026-02-07 22:00:00,91.05354991211645
"Jakarta, Indonesia",2026-02-07 23:00:00,84.16847683317562
"Jakarta, Indonesia",2026-02-08 00:00:00,87.56460274699339
"Jakarta, Indonesia",2026-02-08 01:00:00,81.09791977494571
"Jakarta, Indonesia",2026-02-08 02:00:00,78.08378639479588
"Jakarta, Indonesia",2026-02-08 03:00:00,64.89103701023795
"Jakarta, Indonesia",2026-02-08 04:00:00,65.11059870792494
"Jakarta, Indonesia",2026-02-08 05:00:00,50.77182297118052
"Jakarta, Indonesia",2026-02-08 06:00:00,49.89602423529262
"Jakarta, Indonesia",2026-02-08 07:00:00,42.47081449737526
"Jakarta, Indonesia",2026-02-08 08:00:00,32.70027569777746
"Jakarta, Indonesia",2026-02-08 09:00:00,26.658547520042212
"Jakarta, Indonesia",2026-02-08 10:00:00,26.22496805550228
"Jakarta, Indonesia",2026-02-08 11:00:00,25.352645429075025
"Jakarta, Indonesia",2026-02-08 12:00:00,22.992855388557256
"Jakarta, Indonesia",2026-02-08 13:00:00,22.832921585964645
"Jakarta, Indonesia",2026-02-08 14:00:00,22.29333999412571
"Jakarta, Indonesia",2026-02-08 15:00:00,27.384889644820294
"Jakarta, Indonesia",2026-02-08 16:00:00,32.203514448027434
"Jakarta, Indonesia",2026-02-08 17:00:00,38.850498216398535
"Jakarta, Indonesia",2026-02-08 18:00:00,48.02555544727783
"Jakarta, Indonesia",2026-02-08 19:00:00,66.63997006120948
"Jakarta, Indonesia",2026-02-08 20:00:00,86.74531889905589
"Jakarta, Indonesia",2026-02-08 21:00:00,89.20796411389064
"Jakarta, Indonesia",2026-02-08 22:00:00,84.949898845181
"Jakarta, Indonesia",2026-02-08 23:00:00,70.73203731021016
"Jakarta, Indonesia",2026-02-09 00:00:00,63.27743988514573
"Jakarta, Indonesia",2026-02-09 01:00:00,54.714626435804064
"Jakarta, Indonesia",2026-02-09 02:00:00,46.26639653170913
"Jakarta, Indonesia",2026-02-09 03:00:00,40.518956039482966
"Jakarta, Indonesia",2026-02-09 04:00:00,36.52640871016547
"Jakarta, Indonesia",2026-02-09 05:00:00,34.42650038000278
"Jakarta, Indonesia",2026-02-09 06:00:00,33.1521045565611
"Jakarta, Indonesia",2026-02-09 07:00:00,35.54107388077366
"Jakarta, Indonesia",2026-02-09 08:00:00,25.469841508238453
"Jakarta, Indonesia",2026-02-09 09:00:00,19.4911912881536
"Jakarta, Indonesia",2026-02-09 10:00:00,19.342562180508317
"Jakarta, Indonesia",2026-02-09 11:00:00,21.10282383685022
"Jakarta, Indonesia",2026-02-09 12:00:00,22.268044853924977
"Jakarta, Indonesia",2026-02-09 13:00:00,22.776620595725763
"Jakarta, Indonesia",2026-02-09 14:00:00,23.19469235438803
"Jakarta, Indonesia",2026-02-09 15:00:00,25.886716265880615
"Jakarta, Indonesia",2026-02-09 16:00:00,28.119948144834076
"Jakarta, Indonesia",2026-02-09 17:00:00,31.03640254138572
"Jakarta, Indonesia",2026-02-09 18:00:00,36.16807276660629
"Jakarta, Indonesia",2026-02-09 19:00:00,60.660921013187085
"Jakarta, Indonesia",2026-02-09 20:00:00,83.45627759897184
"Jakarta, Indonesia",2026-02-09 21:00:00,98.5730906531208
"Jakarta, Indonesia",2026-02-09 22:00:00,99.62124687017527
"Jakarta, Indonesia",2026-02-09 23:00:00,84.18316415087229
"Jakarta, Indonesia",2026-02-10 00:00:00,79.01152728952715
"Jakarta, Indonesia",2026-02-10 01:00:00,72.69958846921833
"Jakarta, Indonesia",2026-02-10 02:00:00,72.13628712166123
"Jakarta, Indonesia",2026-02-10 03:00:00,71.4712037892661
"Jakarta, Indonesia",2026-02-10 04:00:00,71.42087469823907
"Jakarta, Indonesia",2026-02-10 05:00:00,66.94876581002893
"Jakarta, Indonesia",2026-02-10 06:00:00,64.1397630566071
"Jakarta, Indonesia",2026-02-10 07:00:00,61.70629032731163
"Jakarta, Indonesia",2026-02-10 08:00:00,52.94209488889117
"Jakarta, Indonesia",2026-02-10 09:00:00,36.76198076049102
"Jakarta, Indonesia",2026-02-10 10:00:00,26.08659786646224
"Jakarta, Indonesia",2026-02-10 11:00:00,19.602350364854853
"Jakarta, Indonesia",2026-02-10 12:00:00,17.891306709485228
"Jakarta, Indonesia",2026-02-10 13:00:00,19.014159222321663
"Jakarta, Indonesia",2026-02-10 14:00:00,18.787416195520386
"Jakarta, Indonesia",2026-02-10 15:00:00,22.682380002375204
"Jakarta, Indonesia",2026-02-10 16:00:00,27.287498407999273
"Jakarta, Indonesia",2026-02-10 17:00:00,32.821533652939564
"Jakarta, Indonesia",2026-02-10 18:00:00,44.27943912845851
"Jakarta, Indonesia",2026-02-10 19:00:00,68.55929010951441
"Jakarta, Indonesia",2026-02-10 20:00:00,81.70457110624812
"Jakarta, Indonesia",2026-02-10 21:00:00,101.0095005519174
"Jakarta, Indonesia",2026-02-10 22:00:00,94.16756673135554
"Jakarta, Indonesia",2026-02-10 23:00:00,90.49461374500697
"Jakarta, Indonesia",2026-02-11 00:00:00,81.04215880541068
"Jakarta, Indonesia",2026-02-11 01:00:00,77.95040637816822
"Jakarta, Indonesia",2026-02-11 02:00:00,69.1497984614238
"Jakarta, Indonesia",2026-02-11 03:00:00,50.680836893215954
"Jakarta, Indonesia",2026-02-11 04:00:00,41.07852616539889
"Jakarta, Indonesia",2026-02-11 05:00:00,33.703008431882765
"Jakarta, Indonesia",2026-02-11 06:00:00,38.21963491552473
"Jakarta, Indonesia",2026-02-11 07:00:00,36.56631893532153
"Jakarta, Indonesia",2026-02-11 08:00:00,27.47361940530153
"Jakarta, Indonesia",2026-02-11 09:00:00,17.023163783196622
"Jakarta, Indonesia",2026-02-11 10:00:00,14.068127669907632
"Jakarta, Indonesia",2026-02-11 11:00:00,13.596523498972235
"Jakarta, Indonesia",2026-02-11 12:00:00,16.625216922172978
"Jakarta, Indonesia",2026-02-11 13:00:00,22.341692722554093
"Jakarta, Indonesia",2026-02-11 14:00:00,27.303487422223323
"Jakarta, Indonesia",2026-02-11 15:00:00,29.594981941314714
"Jakarta, Indonesia",2026-02-11 16:00:00,31.6398572050505
"Jakarta, Indonesia",2026-02-11 17:00:00,31.693699016152713
"Jakarta, Indonesia",2026-02-11 18:00:00,40.17157593420342
"Jakarta, Indonesia",2026-02-11 19:00:00,60.68006850909864
"Jakarta, Indonesia",2026-02-11 20:00:00,54.03289096523851
"Jakarta, Indonesia",2026-02-11 21:00:00,59.09200381060015
"Jakarta, Indonesia",2026-02-11 22:00:00,60.74203933282374
"Jakarta, Indonesia",2026-02-11 23:00:00,56.88085016225606
"Jakarta, Indonesia",2026-02-12 00:00:00,48.031688101043834
"Jakarta, Indonesia",2026-02-12 01:00:00,44.378096887378256
"Jakarta, Indonesia",2026-02-12 02:00:00,45.11502846939562
"Jakarta, Indonesia",2026-02-12 03:00:00,40.98858261132876
"Jakarta, Indonesia",2026-02-12 04:00:00,29.61120974156448
"Jakarta, Indonesia",2026-02-12 05:00:00,23.99372285120904
"Jakarta, Indonesia",2026-02-12 06:00:00,25.58720381730903
"Jakarta, Indonesia",2026-02-12 07:00:00,30.556885728541328
"Jakarta, Indonesia",2026-02-12 08:00:00,20.28614053688088
"Jakarta, Indonesia",2026-02-12 09:00:00,14.665917860675943
"Jakarta, Indonesia",2026-02-12 10:00:00,15.736701058295644
"Jakarta, Indonesia",2026-02-12 11:00:00,16.914131083431535
"Jakarta, Indonesia",2026-02-12 12:00:00,18.096020815896942
"Jakarta, Indonesia",2026-02-12 13:00:00,21.88502117796292
"Jakarta, Indonesia",2026-02-12 14:00:00,25.782236866141165
"Jakarta, Indonesia",2026-02-12 15:00:00,28.523317034252592
"Jakarta, Indonesia",2026-02-12 16:00:00,27.748746091616862
"Jakarta, Indonesia",2026-02-12 17:00:00,29.79109123424628
"Jakarta, Indonesia",2026-02-12 18:00:00,31.953891988948868
"Jakarta, Indonesia",2026-02-12 19:00:00,45.19513564693375
"Jakarta, Indonesia",2026-02-12 20:00:00,49.21747914538225
"Jakarta, Indonesia",2026-02-12 21:00:00,62.3182220793482
"Jakarta, Indonesia",2026-02-12 22:00:00,57.45801588286201
"Jakarta, Indonesia",2026-02-12 23:00:00,59.129240204830936
"Jakarta, Indonesia",2026-02-13 00:00:00,48.87027016586486
"Jakarta, Indonesia",2026-02-13 01:00:00,47.65286128690804
"Jakarta, Indonesia",2026-02-13 02:00:00,38.31673854534476
"Jakarta, Indonesia",2026-02-13 03:00:00,32.451101422109325
"Jakarta, Indonesia",2026-02-13 04:00:00,27.335674830940665
"Jakarta, Indonesia",2026-02-13 05:00:00,27.403781830691884
"Jakarta, Indonesia",2026-02-13 06:00:00,29.705881991104583
"Jakarta, Indonesia",2026-02-13 07:00:00,28.82710814872686
"Jakarta, Indonesia",2026-02-13 08:00:00,16.716048107920617
"Jakarta, Indonesia",2026-02-13 09:00:00,9.929730716858455
"Jakarta, Indonesia",2026-02-13 10:00:00,11.007055687920513
"Jakarta, Indonesia",2026-02-13 11:00:00,12.645693081450174
"Jakarta, Indonesia",2026-02-13 12:00:00,14.13311294510466
"Jakarta, Indonesia",2026-02-13 13:00:00,16.27652159693775
"Jakarta, Indonesia",2026-02-13 14:00:00,19.319097063027126
"Jakarta, Indonesia",2026-02-13 15:00:00,23.761400790550443
"Jakarta, Indonesia",2026-02-13 16:00:00,23.651348806155994
"Jakarta, Indonesia",2026-02-13 17:00:00,24.817096743921823
"Jakarta, Indonesia",2026-02-13 18:00:00,30.33559901849732
"Jakarta, Indonesia",2026-02-13 19:00:00,47.61950467984328
"Jakarta, Indonesia",2026-02-13 20:00:00,48.14573535166821
"Jakarta, Indonesia",2026-02-13 21:00:00,55.44059665408924
"Jakarta, Indonesia",2026-02-13 22:00:00,57.417504540763346
"Jakarta, Indonesia",2026-02-13 23:00:00,60.624316454756695
"Lahore, Pakistan",2026-02-07 00:00:00,168.53295401939903
"Lahore, Pakistan",2026-02-07 01:00:00,192.0146992384626
"Lahore, Pakistan",2026-02-07 02:00:00,173.86992812438777
"Lahore, Pakistan",2026-02-07 03:00:00,170.41268529450352
"Lahore, Pakistan",2026-02-07 04:00:00,168.71755093310085
"Lahore, Pakistan",2026-02-07 05:00:00,179.9995691576921
"Lahore, Pakistan",2026-02-07 06:00:00,168.4015958015276
"Lahore, Pakistan",2026-02-07 07:00:00,170.20315621921657
"Lahore, Pakistan",2026-02-07 08:00:00,169.39576061757228
"Lahore, Pakistan",2026-02-07 09:00:00,173.90764993700913
"Lahore, Pakistan",2026-02-07 10:00:00,169.02479311159905
"Lahore, Pakistan",2026-02-07 11:00:00,131.66501604010566
"Lahore, Pakistan",2026-02-07 12:00:00,96.60451598685194
"Lahore, Pakistan",2026-02-07 13:00:00,76.84816591012435
"Lahore, Pakistan",2026-02-07 14:00:00,74.69133830363681
"Lahore, Pakistan",2026-02-07 15:00:00,79.91862881027421
"Lahore, Pakistan",2026-02-07 16:00:00,70.5137273313505
"Lahore, Pakistan",2026-02-07 17:00:00,80.0548529109715
"Lahore, Pakistan",2026-02-07 18:00:00,83.87615845603412
"Lahore, Pakistan",2026-02-07 19:00:00,92.23830912443093
"Lahore, Pakistan",2026-02-07 20:00:00,94.7252031833932
"Lahore, Pakistan",2026-02-07 21:00:00,94.95849349442773
"Lahore, Pakistan",2026-02-07 22:00:00,112.11815008153094
"Lahore, Pakistan",2026-02-07 23:00:00,125.98100796905307
"Lahore, Pakistan",2026-02-08 00:00:00,123.28833133585057
"Lahore, Pakistan",2026-02-08 01:00:00,110.84976812787787
"Lahore, Pakistan",2026-02-08 02:00:00,100.13050944817344
"Lahore, Pakistan",2026-02-08 03:00:00,108.49090240732853
"Lahore, Pakistan",2026-02-08 04:00:00,110.00552016112749
"Lahore, Pakistan",2026-02-08 05:00:00,107.22425725384792
"Lahore, Pakistan",2026-02-08 06:00:00,112.97408384706722
"Lahore, Pakistan",2026-02-08 07:00:00,130.9762827682688
"Lahore, Pakistan",2026-02-08 08:00:00,162.93866784567666
"Lahore, Pakistan",2026-02-08 09:00:00,151.72679972043926
"Lahore, Pakistan",2026-02-08 10:00:00,141.71029172834375
"Lahore, Pakistan",2026-02-08 11:00:00,101.87745622961096
"Lahore, Pakistan",2026-02-08 12:00:00,80.4758996252246
"Lahore, Pakistan",2026-02-08 13:00:00,63.46384123028882
"Lahore, Pakistan",2026-02-08 14:00:00,58.28178001936223
"Lahore, Pakistan",2026-02-08 15:00:00,51.8781115687833
"Lahore, Pakistan",2026-02-08 16:00:00,58.4392497185874
"Lahore, Pakistan",2026-02-08 17:00:00,77.66894857205507
"Lahore, Pakistan",2026-02-08 18:00:00,91.27720177005786
"Lahore, Pakistan",2026-02-08 19:00:00,99.2170072065338
"Lahore, Pakistan",2026-02-08 20:00:00,115.6492519922091
"Lahore, Pakistan",2026-02-08 21:00:00,112.74576727053467
"Lahore, Pakistan",2026-02-08 22:00:00,110.8640307960339
"Lahore, Pakistan",2026-02-08 23:00:00,100.53746662589052
"Lahore, Pakistan",2026-02-09 00:00:00,126.54176453938791
"Lahore, Pakistan",2026-02-09 01:00:00,132.99217016425908
"Lahore, Pakistan",2026-02-09 02:00:00,138.6008405033127
"Lahore, Pakistan",2026-02-09 03:00:00,118.92242439480741
"Lahore, Pakistan",2026-02-09 04:00:00,108.59125267904221
"Lahore, Pakistan",2026-02-09 05:00:00,106.13095392797318
"Lahore, Pakistan",2026-02-09 06:00:00,116.1535207904351
"Lahore, Pakistan",2026-02-09 07:00:00,130.46943878029927
"Lahore, Pakistan",2026-02-09 08:00:00,131.90082459653627
"Lahore, Pakistan",2026-02-09 09:00:00,120.17069977303552
"Lahore, Pakistan",2026-02-09 10:00:00,107.82756717008624
"Lahore, Pakistan",2026-02-09 11:00:00,98.04733418132976
"Lahore, Pakistan",2026-02-09 12:00:00,87.27248481122018
"Lahore, Pakistan",2026-02-09 13:00:00,66.25436031402936
"Lahore, Pakistan",2026-02-09 14:00:00,48.263354629746146
"Lahore, Pakistan",2026-02-09 15:00:00,45.416860174415504
"Lahore, Pakistan",2026-02-09 16:00:00,56.08667893854575
"Lahore, Pakistan",2026-02-09 17:00:00,76.81593635185114
"Lahore, Pakistan",2026-02-09 18:00:00,82.63003862242932
"Lahore, Pakistan",2026-02-09 19:00:00,90.4700362167764
"Lahore, Pakistan",2026-02-09 20:00:00,112.33392635130456
"Lahore, Pakistan",2026-02-09 21:00:00,143.7311459680896
"Lahore, Pakistan",2026-02-09 22:00:00,152.02850024021154
"Lahore, Pakistan",2026-02-09 23:00:00,142.04325114101195
"Lahore, Pakistan",2026-02-10 00:00:00,116.18621023940901
"Lahore, Pakistan",2026-02-10 01:00:00,107.01152796367988
"Lahore, Pakistan",2026-02-10 02:00:00,104.77755799266535
"Lahore, Pakistan",2026-02-10 03:00:00,105.58082484072749
"Lahore, Pakistan",2026-02-10 04:00:00,121.72458197606949
"Lahore, Pakistan",2026-02-10 05:00:00,140.8166685046985
"Lahore, Pakistan",2026-02-10 06:00:00,159.73243083439883
"Lahore, Pakistan",2026-02-10 07:00:00,154.88112499273538
"Lahore, Pakistan",2026-02-10 08:00:00,168.2821158921763
"Lahore, Pakistan",2026-02-10 09:00:00,158.24203199841037
"Lahore, Pakistan",2026-02-10 10:00:00,153.90847133822828
"Lahore, Pakistan",2026-02-10 11:00:00,127.9826174585478
"Lahore, Pakistan",2026-02-10 12:00:00,103.9686961845156
"Lahore, Pakistan",2026-02-10 13:00:00,86.99276613179575
"Lahore, Pakistan",2026-02-10 14:00:00,74.50270508016769
"Lahore, Pakistan",2026-02-10 15:00:00,67.75421769018207
"Lahore, Pakistan",2026-02-10 16:00:00,59.3406776751695
"Lahore, Pakistan",2026-02-10 17:00:00,70.06052579476588
"Lahore, Pakistan",2026-02-10 18:00:00,78.81525002364255
"Lahore, Pakistan",2026-02-10 19:00:00,93.3097730487506
"Lahore, Pakistan",2026-02-10 20:00:00,109.42076168770708
"Lahore, Pakistan",2026-02-10 21:00:00,127.86323709791971
"Lahore, Pakistan",2026-02-10 22:00:00,150.844349401113
"Lahore, Pakistan",2026-02-10 23:00:00,142.6126125996314
"Lahore, Pakistan",2026-02-11 00:00:00,133.96807999995895
"Lahore, Pakistan",2026-02-11 01:00:00,120.84953996900211
"Lahore, Pakistan",2026-02-11 02:00:00,119.83778643780596
"Lahore, Pakistan",2026-02-11 03:00:00,106.07060554271375
"Lahore, Pakistan",2026-02-11 04:00:00,106.47913447555106
"Lahore, Pakistan",2026-02-11 05:00:00,102.91536575986947
"Lahore, Pakistan",2026-02-11 06:00:00,106.60680283268745
"Lahore, Pakistan",2026-02-11 07:00:00,113.687771705994
"Lahore, Pakistan",2026-02-11 08:00:00,128.03575252495853
"Lahore, Pakistan",2026-02-11 09:00:00,144.71540420003723
"Lahore, Pakistan",2026-02-11 10:00:00,136.1944830198392
"Lahore, Pakistan",2026-02-11 11:00:00,110.07792096313797
"Lahore, Pakistan",2026-02-11 12:00:00,81.98533936845277
"Lahore, Pakistan",2026-02-11 13:00:00,64.19302638384592
"Lahore, Pakistan",2026-02-11 14:00:00,56.953192595049494
"Lahore, Pakistan",2026-02-11 15:00:00,50.344167763528915
"Lahore, Pakistan",2026-02-11 16:00:00,52.45200487581697
"Lahore, Pakistan",2026-02-11 17:00:00,65.37774296937954
"Lahore, Pakistan",2026-02-11 18:00:00,81.3518278340105
"Lahore, Pakistan",2026-02-11 19:00:00,99.00298553788967
"Lahore, Pakistan",2026-02-11 20:00:00,115.708903317503
"Lahore, Pakistan",2026-02-11 21:00:00,117.82944393302446
"Lahore, Pakistan",2026-02-11 22:00:00,117.50616841286504
"Lahore, Pakistan",2026-02-11 23:00:00,121.32128544207373
"Lahore, Pakistan",2026-02-12 00:00:00,134.27328728306054
"Lahore, Pakistan",2026-02-12 01:00:00,136.00311539530077
"Lahore, Pakistan",2026-02-12 02:00:00,128.0825959667608
"Lahore, Pakistan",2026-02-12 03:00:00,117.73240777181452
"Lahore, Pakistan",2026-02-12 04:00:00,105.5488710755932
"Lahore, Pakistan",2026-02-12 05:00:00,109.57048442645367
"Lahore, Pakistan",2026-02-12 06:00:00,118.9922018326029
"Lahore, Pakistan",2026-02-12 07:00:00,140.0233761253451
"Lahore, Pakistan",2026-02-12 08:00:00,153.3462692364819
"Lahore, Pakistan",2026-02-12 09:00:00,135.59279167483317
"Lahore, Pakistan",2026-02-12 10:00:00,108.1619272056715
"Lahore, Pakistan",2026-02-12 11:00:00,84.79003576008856
"Lahore, Pakistan",2026-02-12 12:00:00,74.11343627660338
"Lahore, Pakistan",2026-02-12 13:00:00,65.6249491654022
"Lahore, Pakistan",2026-02-12 14:00:00,56.98007909600141
"Lahore, Pakistan",2026-02-12 15:00:00,53.38379243255918
"Lahore, Pakistan",2026-02-12 16:00:00,53.67874011927481
"Lahore, Pakistan",2026-02-12 17:00:00,67.76437788143416
"Lahore, Pakistan",2026-02-12 18:00:00,87.10426629808204
"Lahore, Pakistan",2026-02-12 19:00:00,109.84531282913078
"Lahore, Pakistan",2026-02-12 20:00:00,136.29599556833784
"Lahore, Pakistan",2026-02-12 21:00:00,150.62087148806242
"Lahore, Pakistan",2026-02-12 22:00:00,153.7328268497072
"Lahore, Pakistan",2026-02-12 23:00:00,149.65239825015487
"Lahore, Pakistan",2026-02-13 00:00:00,154.30061592920043
"Lahore, Pakistan",2026-02-13 01:00:00,146.14832144999025
"Lahore, Pakistan",2026-02-13 02:00:00,126.44907255710508
"Lahore, Pakistan",2026-02-13 03:00:00,98.17594210007225
"Lahore, Pakistan",2026-02-13 04:00:00,105.72110673694428
"Lahore, Pakistan",2026-02-13 05:00:00,120.83145901572536
"Lahore, Pakistan",2026-02-13 06:00:00,133.1953138399086
"Lahore, Pakistan",2026-02-13 07:00:00,143.57957165037135
"Lahore, Pakistan",2026-02-13 08:00:00,126.89583039073199
"Lahore, Pakistan",2026-02-13 09:00:00,116.98462866707793
"Lahore, Pakistan",2026-02-13 10:00:00,107.5881560237581
"Lahore, Pakistan",2026-02-13 11:00:00,99.05102930004941
"Lahore, Pakistan",2026-02-13 12:00:00,80.82378330293122
"Lahore, Pakistan",2026-02-13 13:00:00,59.1156421281484
"Lahore, Pakistan",2026-02-13 14:00:00,54.001156441770135
"Lahore, Pakistan",2026-02-13 15:00:00,51.376869946228894
"Lahore, Pakistan",2026-02-13 16:00:00,60.31718689979908
"Lahore, Pakistan",2026-02-13 17:00:00,87.01322978709473
"Lahore, Pakistan",2026-02-13 18:00:00,109.29440785358715
"Lahore, Pakistan",2026-02-13 19:00:00,132.2610070377913
"Lahore, Pakistan",2026-02-13 20:00:00,137.00870851751256
"Lahore, Pakistan",2026-02-13 21:00:00,162.40245191750606
"Lahore, Pakistan",2026-02-13 22:00:00,151.12724590103804
"Lahore, Pakistan",2026-02-13 23:00:00,153.7299860724453
"London, UK",2026-02-07 00:00:00,11.14978178091784
"London, UK",2026-02-07 01:00:00,8.63391892652211
"London, UK",2026-02-07 02:00:00,8.607125480338606
"London, UK",2026-02-07 03:00:00,7.970902484074232
"London, UK",2026-02-07 04:00:00,7.521769809567049
"London, UK",2026-02-07 05:00:00,7.503183667555528
"London, UK",2026-02-07 06:00:00,7.474327284296872
"London, UK",2026-02-07 07:00:00,8.403425540704179
"London, UK",2026-02-07 08:00:00,9.69505496327058
"London, UK",2026-02-07 09:00:00,9.66368815040961
"London, UK",2026-02-07 10:00:00,8.9081048428153
"London, UK",2026-02-07 11:00:00,7.97085208624952
"London, UK",2026-02-07 12:00:00,6.538655136121886
"London, UK",2026-02-07 13:00:00,6.4731494638701355
"London, UK",2026-02-07 14:00:00,6.054895647710067
"London, UK",2026-02-07 15:00:00,6.043754452890329
"London, UK",2026-02-07 16:00:00,6.34940774013261
"London, UK",2026-02-07 17:00:00,7.331073049519622
"London, UK",2026-02-07 18:00:00,8.245219436200902
"London, UK",2026-02-07 19:00:00,8.881769204301326
"London, UK",2026-02-07 20:00:00,8.173652386223054
"London, UK",2026-02-07 21:00:00,8.72843587088821
"London, UK",2026-02-07 22:00:00,8.357781570296543
"London, UK",2026-02-07 23:00:00,8.815025785908047
"London, UK",2026-02-08 00:00:00,8.586443882574931
"London, UK",2026-02-08 01:00:00,8.029922134612898
"London, UK",2026-02-08 02:00:00,8.598598299245385
"London, UK",2026-02-08 03:00:00,8.455190511302364
"London, UK",2026-02-08 04:00:00,8.027738956018155
"London, UK",2026-02-08 05:00:00,6.92494712361724
"London, UK",2026-02-08 06:00:00,7.235635927355985
"London, UK",2026-02-08 07:00:00,8.565321836643703
"London, UK",2026-02-08 08:00:00,10.076648746211456
"London, UK",2026-02-08 09:00:00,10.493338246653867
"London, UK",2026-02-08 10:00:00,10.22928726096615
"London, UK",2026-02-08 11:00:00,10.21918911168565
"London, UK",2026-02-08 12:00:00,9.026441033655075
"London, UK",2026-02-08 13:00:00,8.63873696822625
"London, UK",2026-02-08 14:00:00,7.7011548508738095
"London, UK",2026-02-08 15:00:00,8.129910273081967
"London, UK",2026-02-08 16:00:00,9.613070602705744
"London, UK",2026-02-08 17:00:00,10.679645293390765
"London, UK",2026-02-08 18:00:00,10.330762142997747
"London, UK",2026-02-08 19:00:00,9.461394930093645
"London, UK",2026-02-08 20:00:00,9.23458980821464
"London, UK",2026-02-08 21:00:00,8.877669316413824
"London, UK",2026-02-08 22:00:00,8.967546831314454
"London, UK",2026-02-08 23:00:00,8.940393821188914
"London, UK",2026-02-09 00:00:00,8.91388304074845
"London, UK",2026-02-09 01:00:00,8.762720573859266
"London, UK",2026-02-09 02:00:00,8.903896587266763
"London, UK",2026-02-09 03:00:00,8.489533540594227
"London, UK",2026-02-09 04:00:00,8.12468326273067
"London, UK",2026-02-09 05:00:00,7.710582928416792
"London, UK",2026-02-09 06:00:00,8.449199809208713
"London, UK",2026-02-09 07:00:00,8.929314818430202
"London, UK",2026-02-09 08:00:00,10.297247156028874
"London, UK",2026-02-09 09:00:00,10.876793482723414
"London, UK",2026-02-09 10:00:00,9.618785889900352
"London, UK",2026-02-09 11:00:00,9.499289312807578
"London, UK",2026-02-09 12:00:00,8.406385948669701
"London, UK",2026-02-09 13:00:00,8.26471806228069
"London, UK",2026-02-09 14:00:00,7.523077518377222
"London, UK",2026-02-09 15:00:00,7.178962678111004
"London, UK",2026-02-09 16:00:00,7.786376222937255
"London, UK",2026-02-09 17:00:00,8.543905085699294
"London, UK",2026-02-09 18:00:00,9.78488165454945
"London, UK",2026-02-09 19:00:00,10.359678761033953
"London, UK",2026-02-09 20:00:00,10.348181517915677
"London, UK",2026-02-09 21:00:00,10.575723873971208
"London, UK",2026-02-09 22:00:00,10.688837408770844
"London, UK",2026-02-09 23:00:00,10.362905879375479
"London, UK",2026-02-10 00:00:00,10.3391466269177
"London, UK",2026-02-10 01:00:00,8.78604534369398
"London, UK",2026-02-10 02:00:00,8.453922476882617
"London, UK",2026-02-10 03:00:00,7.67892778180318
"London, UK",2026-02-10 04:00:00,8.28996948626076
"London, UK",2026-02-10 05:00:00,8.151445729157071
"London, UK",2026-02-10 06:00:00,8.729257886166073
"London, UK",2026-02-10 07:00:00,10.254636384467867
"London, UK",2026-02-10 08:00:00,11.323882325276886
"London, UK",2026-02-10 09:00:00,11.735692887163873
"London, UK",2026-02-10 10:00:00,9.930751395686778
"London, UK",2026-02-10 11:00:00,9.196310961879124
"London, UK",2026-02-10 12:00:00,8.429351726188631
"London, UK",2026-02-10 13:00:00,8.584012528604466
"London, UK",2026-02-10 14:00:00,8.975262778420712
"London, UK",2026-02-10 15:00:00,9.451413606935418
"London, UK",2026-02-10 16:00:00,10.09072823008866
"London, UK",2026-02-10 17:00:00,10.698034860602986
"London, UK",2026-02-10 18:00:00,10.561692749581212
"London, UK",2026-02-10 19:00:00,11.476319130413605
"London, UK",2026-02-10 20:00:00,11.846285368699776
"London, UK",2026-02-10 21:00:00,13.123663596048969
"London, UK",2026-02-10 22:00:00,13.270889810255131
"London, UK",2026-02-10 23:00:00,12.810443510363005
"London, UK",2026-02-11 00:00:00,12.028022268734917
"London, UK",2026-02-11 01:00:00,12.114850014039776
"London, UK",2026-02-11 02:00:00,11.891780645408083
"London, UK",2026-02-11 03:00:00,11.109640423796925
"London, UK",2026-02-11 04:00:00,9.355984600572329
"London, UK",2026-02-11 05:00:00,7.673541635753527
"London, UK",2026-02-11 06:00:00,8.062301829228934
"London, UK",2026-02-11 07:00:00,7.181178758416073
"London, UK",2026-02-11 08:00:00,8.420099603960796
"London, UK",2026-02-11 09:00:00,8.651206524191055
"London, UK",2026-02-11 10:00:00,9.310994420874351
"London, UK",2026-02-11 11:00:00,8.609413789512242
"London, UK",2026-02-11 12:00:00,7.478878386137609
"London, UK",2026-02-11 13:00:00,7.604229192253475
"London, UK",2026-02-11 14:00:00,7.891017765512283
"London, UK",2026-02-11 15:00:00,8.722392394946292
"London, UK",2026-02-11 16:00:00,8.867124487525933
"London, UK",2026-02-11 17:00:00,10.09381218665791
"London, UK",2026-02-11 18:00:00,10.845658786471255
"London, UK",2026-02-11 19:00:00,11.409896561131845
"London, UK",2026-02-11 20:00:00,10.691288629074297
"London, UK",2026-02-11 21:00:00,9.832303175605462
"London, UK",2026-02-11 22:00:00,9.154557461958403
"London, UK",2026-02-11 23:00:00,9.036616854505027
"London, UK",2026-02-12 00:00:00,8.834472378165927
"London, UK",2026-02-12 01:00:00,8.35494972236869
"London, UK",2026-02-12 02:00:00,9.020535864192095
"London, UK",2026-02-12 03:00:00,9.013939016681965
"London, UK",2026-02-12 04:00:00,9.013848576434878
"London, UK",2026-02-12 05:00:00,8.540216561185757
"London, UK",2026-02-12 06:00:00,8.822182312833382
"London, UK",2026-02-12 07:00:00,9.719893624731728
"London, UK",2026-02-12 08:00:00,10.249674805585707
"London, UK",2026-02-12 09:00:00,9.734015501729123
"London, UK",2026-02-12 10:00:00,8.997351245588483
"London, UK",2026-02-12 11:00:00,8.531728354571431
"London, UK",2026-02-12 12:00:00,7.871348393698021
"London, UK",2026-02-12 13:00:00,7.451543994542997
"London, UK",2026-02-12 14:00:00,7.693610439511227
"London, UK",2026-02-12 15:00:00,7.540553748458821
"London, UK",2026-02-12 16:00:00,8.043067703280391
"London, UK",2026-02-12 17:00:00,8.825429295038205
"London, UK",2026-02-12 18:00:00,10.133647912036228
"London, UK",2026-02-12 19:00:00,10.811829348492386
"London, UK",2026-02-12 20:00:00,9.667451986646746
"London, UK",2026-02-12 21:00:00,9.744137026167692
"London, UK",2026-02-12 22:00:00,9.076971546988416
"London, UK",2026-02-12 23:00:00,9.453123968935842
"London, UK",2026-02-13 00:00:00,9.4874568371854
"London, UK",2026-02-13 01:00:00,9.69132189688379
"London, UK",2026-02-13 02:00:00,10.346071530722229
"London, UK",2026-02-13 03:00:00,10.479201590416848
"London, UK",2026-02-13 04:00:00,9.984920801358859
"London, UK",2026-02-13 05:00:00,9.113039724709123
"London, UK",2026-02-13 06:00:00,9.102225647477452
"London, UK",2026-02-13 07:00:00,9.908067715529985
"London, UK",2026-02-13 08:00:00,10.851240962631294
"London, UK",2026-02-13 09:00:00,10.922701707504304
"London, UK",2026-02-13 10:00:00,9.97386685050391
"London, UK",2026-02-13 11:00:00,8.893837213644868
"London, UK",2026-02-13 12:00:00,8.023734802262007
"London, UK",2026-02-13 13:00:00,8.15469014062135
"London, UK",2026-02-13 14:00:00,8.389833791202875
"London, UK",2026-02-13 15:00:00,8.629102691068184
"London, UK",2026-02-13 16:00:00,9.264384193751885
"London, UK",2026-02-13 17:00:00,10.023983451525389
"London, UK",2026-02-13 18:00:00,11.02656544659007
"London, UK",2026-02-13 19:00:00,11.864991149008079
"London, UK",2026-02-13 20:00:00,11.844346320866103
"London, UK",2026-02-13 21:00:00,12.860725783395486
"London, UK",2026-02-13 22:00:00,11.988778874080248
"London, UK",2026-02-13 23:00:00,11.617020580025418
"New York, USA",2026-02-07 00:00:00,32.5470329728321
"New York, USA",2026-02-07 01:00:00,23.14113397026179
"New York, USA",2026-02-07 02:00:00,22.89568163309434
"New York, USA",2026-02-07 03:00:00,21.79479772703143
"New York, USA",2026-02-07 04:00:00,20.50557886183648
"New York, USA",2026-02-07 05:00:00,20.07688898367142
"New York, USA",2026-02-07 06:00:00,20.898539795286634
"New York, USA",2026-02-07 07:00:00,25.05492468007184
"New York, USA",2026-02-07 08:00:00,28.243225580464298
"New York, USA",2026-02-07 09:00:00,25.64765982572407
"New York, USA",2026-02-07 10:00:00,24.484761992827444
"New York, USA",2026-02-07 11:00:00,18.79097403959564
"New York, USA",2026-02-07 12:00:00,20.106968761935683
"New York, USA",2026-02-07 13:00:00,19.07963988821125
"New York, USA",2026-02-07 14:00:00,21.981016951981548
"New York, USA",2026-02-07 15:00:00,24.233188011531816
"New York, USA",2026-02-07 16:00:00,27.7246449214148
"New York, USA",2026-02-07 17:00:00,30.870060292788924
"New York, USA",2026-02-07 18:00:00,32.99278566859473
"New York, USA",2026-02-07 19:00:00,31.48858656232915
"New York, USA",2026-02-07 20:00:00,27.503070017331552
"New York, USA",2026-02-07 21:00:00,23.66730077707552
"New York, USA",2026-02-07 22:00:00,20.751975977326268
"New York, USA",2026-02-07 23:00:00,20.13310829839679
"New York, USA",2026-02-08 00:00:00,18.93432015678031
"New York, USA",2026-02-08 01:00:00,17.625944803488345
"New York, USA",2026-02-08 02:00:00,16.93747136486589
"New York, USA",2026-02-08 03:00:00,15.38678998721036
"New York, USA",2026-02-08 04:00:00,14.811938154118891
"New York, USA",2026-02-08 05:00:00,12.60190285546026
"New York, USA",2026-02-08 06:00:00,10.948293614624477
"New York, USA",2026-02-08 07:00:00,13.08818256710371
"New York, USA",2026-02-08 08:00:00,15.39924795374951
"New York, USA",2026-02-08 09:00:00,15.744676691592144
"New York, USA",2026-02-08 10:00:00,16.127459829590922
"New York, USA",2026-02-08 11:00:00,12.675124343768031
"New York, USA",2026-02-08 12:00:00,12.300402244125749
"New York, USA",2026-02-08 13:00:00,11.814158095428613
"New York, USA",2026-02-08 14:00:00,14.146307392529732
"New York, USA",2026-02-08 15:00:00,13.28538998688073
"New York, USA",2026-02-08 16:00:00,15.605464258669462
"New York, USA",2026-02-08 17:00:00,17.677580129070392
"New York, USA",2026-02-08 18:00:00,22.168012191207808
"New York, USA",2026-02-08 19:00:00,20.028766305633255
"New York, USA",2026-02-08 20:00:00,16.00606517711529
"New York, USA",2026-02-08 21:00:00,13.86945162676151
"New York, USA",2026-02-08 22:00:00,15.72200657675939
"New York, USA",2026-02-08 23:00:00,16.365224030584777
"New York, USA",2026-02-09 00:00:00,17.894892151278405
"New York, USA",2026-02-09 01:00:00,15.518864565063103
"New York, USA",2026-02-09 02:00:00,15.274123588293955
"New York, USA",2026-02-09 03:00:00,12.262324945858454
"New York, USA",2026-02-09 04:00:00,11.876417082095037
"New York, USA",2026-02-09 05:00:00,12.224242510560043
"New York, USA",2026-02-09 06:00:00,13.077899870585002
"New York, USA",2026-02-09 07:00:00,16.762947105672723
"New York, USA",2026-02-09 08:00:00,15.22736174224715
"New York, USA",2026-02-09 09:00:00,15.511097383909913
"New York, USA",2026-02-09 10:00:00,13.643095341060047
"New York, USA",2026-02-09 11:00:00,12.040079487326942
"New York, USA",2026-02-09 12:00:00,11.610426544507526
"New York, USA",2026-02-09 13:00:00,13.70925096055779
"New York, USA",2026-02-09 14:00:00,16.487437874061403
"New York, USA",2026-02-09 15:00:00,16.02892085768218
"New York, USA",2026-02-09 16:00:00,17.856304352656256
"New York, USA",2026-02-09 17:00:00,20.3533301400917
"New York, USA",2026-02-09 18:00:00,25.170089879639598
"New York, USA",2026-02-09 19:00:00,25.238133412704933
"New York, USA",2026-02-09 20:00:00,20.61336474417342
"New York, USA",2026-02-09 21:00:00,19.1027753554142
"New York, USA",2026-02-09 22:00:00,18.684836829992392
"New York, USA",2026-02-09 23:00:00,18.00295160604144
"New York, USA",2026-02-10 00:00:00,16.086257608335718
"New York, USA",2026-02-10 01:00:00,16.308927932505792
"New York, USA",2026-02-10 02:00:00,16.6088481073201
"New York, USA",2026-02-10 03:00:00,16.15251674120062
"New York, USA",2026-02-10 04:00:00,14.51078258535122
"New York, USA",2026-02-10 05:00:00,15.115249573233427
"New York, USA",2026-02-10 06:00:00,16.53911811798738
"New York, USA",2026-02-10 07:00:00,20.79042836464845
"New York, USA",2026-02-10 08:00:00,25.379712286075705
"New York, USA",2026-02-10 09:00:00,29.96590573150945
"New York, USA",2026-02-10 10:00:00,33.731579484062564
"New York, USA",2026-02-10 11:00:00,32.57789422169992
"New York, USA",2026-02-10 12:00:00,30.681903356010203
"New York, USA",2026-02-10 13:00:00,30.066597189471924
"New York, USA",2026-02-10 14:00:00,28.061970013308212
"New York, USA",2026-02-10 15:00:00,26.113011318308267
"New York, USA",2026-02-10 16:00:00,25.71370183813048
"New York, USA",2026-02-10 17:00:00,26.779489970562487
"New York, USA",2026-02-10 18:00:00,29.776858591385196
"New York, USA",2026-02-10 19:00:00,26.84754595139372
"New York, USA",2026-02-10 20:00:00,24.126341514435303
"New York, USA",2026-02-10 21:00:00,23.586320917921174
"New York, USA",2026-02-10 22:00:00,27.484161637883815
"New York, USA",2026-02-10 23:00:00,32.55943405125508
"New York, USA",2026-02-11 00:00:00,31.324764968245738
"New York, USA",2026-02-11 01:00:00,28.544072866784113
"New York, USA",2026-02-11 02:00:00,25.382979472524852
"New York, USA",2026-02-11 03:00:00,23.671512306287486
"New York, USA",2026-02-11 04:00:00,22.30996024946619
"New York, USA",2026-02-11 05:00:00,21.41654177172865
"New York, USA",2026-02-11 06:00:00,19.737308793305417
"New York, USA",2026-02-11 07:00:00,22.8389678495964
"New York, USA",2026-02-11 08:00:00,22.158073528622612
"New York, USA",2026-02-11 09:00:00,21.722099580784764
"New York, USA",2026-02-11 10:00:00,18.032599966442174
"New York, USA",2026-02-11 11:00:00,14.282304903082641
"New York, USA",2026-02-11 12:00:00,12.333931466917356
"New York, USA",2026-02-11 13:00:00,12.313998095159402
"New York, USA",2026-02-11 14:00:00,13.108291034139175
"New York, USA",2026-02-11 15:00:00,15.275124052665289
"New York, USA",2026-02-11 16:00:00,17.694019780317216
"New York, USA",2026-02-11 17:00:00,23.68329918038497
"New York, USA",2026-02-11 18:00:00,24.386985381990613
"New York, USA",2026-02-11 19:00:00,26.462633539589614
"New York, USA",2026-02-11 20:00:00,25.98084784954843
"New York, USA",2026-02-11 21:00:00,24.54609931749195
"New York, USA",2026-02-11 22:00:00,24.2072110799375
"New York, USA",2026-02-11 23:00:00,21.936946205737573
"New York, USA",2026-02-12 00:00:00,22.694969734493828
"New York, USA",2026-02-12 01:00:00,19.784298357243557
"New York, USA",2026-02-12 02:00:00,18.765129387608212
"New York, USA",2026-02-12 03:00:00,15.840375349525702
"New York, USA",2026-02-12 04:00:00,14.534711671815417
"New York, USA",2026-02-12 05:00:00,15.149634132549888
"New York, USA",2026-02-12 06:00:00,13.298580741878347
"New York, USA",2026-02-12 07:00:00,14.842595688149679
"New York, USA",2026-02-12 08:00:00,14.128504081899791
"New York, USA",2026-02-12 09:00:00,17.732037505291952
"New York, USA",2026-02-12 10:00:00,21.22989286179901
"New York, USA",2026-02-12 11:00:00,20.892744185803643
"New York, USA",2026-02-12 12:00:00,19.12530163582007
"New York, USA",2026-02-12 13:00:00,18.4987155701501
"New York, USA",2026-02-12 14:00:00,18.60786579230037
"New York, USA",2026-02-12 15:00:00,19.274613463054525
"New York, USA",2026-02-12 16:00:00,21.2854006976032
"New York, USA",2026-02-12 17:00:00,27.23873980311456
"New York, USA",2026-02-12 18:00:00,35.34316657554756
"New York, USA",2026-02-12 19:00:00,42.58643213170009
"New York, USA",2026-02-12 20:00:00,43.789969963844555
"New York, USA",2026-02-12 21:00:00,44.5181200882376
"New York, USA",2026-02-12 22:00:00,45.4009273997859
"New York, USA",2026-02-12 23:00:00,37.91034221393254
"New York, USA",2026-02-13 00:00:00,30.973263315376506
"New York, USA",2026-02-13 01:00:00,21.023922924480964
"New York, USA",2026-02-13 02:00:00,20.0238184267805
"New York, USA",2026-02-13 03:00:00,18.65576715174166
"New York, USA",2026-02-13 04:00:00,16.69543278266073
"New York, USA",2026-02-13 05:00:00,15.145564511143673
"New York, USA",2026-02-13 06:00:00,13.989724807803682
"New York, USA",2026-02-13 07:00:00,21.058139848747075
"New York, USA",2026-02-13 08:00:00,26.273845286850353
"New York, USA",2026-02-13 09:00:00,28.483381744128163
"New York, USA",2026-02-13 10:00:00,25.338553801621885
"New York, USA",2026-02-13 11:00:00,20.264574518526697
"New York, USA",2026-02-13 12:00:00,17.662804945810166
"New York, USA",2026-02-13 13:00:00,17.615944062199034
"New York, USA",2026-02-13 14:00:00,17.71389358235074
"New York, USA",2026-02-13 15:00:00,20.057424234698203
"New York, USA",2026-02-13 16:00:00,19.81143387979513
"New York, USA",2026-02-13 17:00:00,24.999536030155298
"New York, USA",2026-02-13 18:00:00,31.924075611028442
"New York, USA",2026-02-13 19:00:00,41.52395091810527
"New York, USA",2026-02-13 20:00:00,43.80114963079157
"New York, USA",2026-02-13 21:00:00,37.11866813942241
"New York, USA",2026-02-13 22:00:00,34.301944625284584
"New York, USA",2026-02-13 23:00:00,30.62168181771234
"Sao Paulo, Brazil",2026-02-07 00:00:00,36.15091168882399
"Sao Paulo, Brazil",2026-02-07 01:00:00,24.659368701646272
"Sao Paulo, Brazil",2026-02-07 02:00:00,21.25074107517551
"Sao Paulo, Brazil",2026-02-07 03:00:00,19.47154666437882
"Sao Paulo, Brazil",2026-02-07 04:00:00,19.872470940504904
"Sao Paulo, Brazil",2026-02-07 05:00:00,18.773009610185166
"Sao Paulo, Brazil",2026-02-07 06:00:00,19.182843504082502
"Sao Paulo, Brazil",2026-02-07 07:00:00,19.124941868681354
"Sao Paulo, Brazil",2026-02-07 08:00:00,16.552359870513545
"Sao Paulo, Brazil",2026-02-07 09:00:00,13.06961701801407
"Sao Paulo, Brazil",2026-02-07 10:00:00,13.458361898100566
"Sao Paulo, Brazil",2026-02-07 11:00:00,14.934543682055896
"Sao Paulo, Brazil",2026-02-07 12:00:00,14.332830679052684
"Sao Paulo, Brazil",2026-02-07 13:00:00,12.538898418072447
"Sao Paulo, Brazil",2026-02-07 14:00:00,12.316721213226755
"Sao Paulo, Brazil",2026-02-07 15:00:00,12.288957705072399
"Sao Paulo, Brazil",2026-02-07 16:00:00,11.669926231704547
"Sao Paulo, Brazil",2026-02-07 17:00:00,10.19561988825084
"Sao Paulo, Brazil",2026-02-07 18:00:00,10.925831181135422
"Sao Paulo, Brazil",2026-02-07 19:00:00,15.06407005442845
"Sao Paulo, Brazil",2026-02-07 20:00:00,22.020647421345025
"Sao Paulo, Brazil",2026-02-07 21:00:00,26.810948826002388
"Sao Paulo, Brazil",2026-02-07 22:00:00,29.393754831204618
"Sao Paulo, Brazil",2026-02-07 23:00:00,25.924719922930866
"Sao Paulo, Brazil",2026-02-08 00:00:00,23.893510375342615
"Sao Paulo, Brazil",2026-02-08 01:00:00,19.65271262033506
"Sao Paulo, Brazil",2026-02-08 02:00:00,17.69106745902492
"Sao Paulo, Brazil",2026-02-08 03:00:00,13.296275593279125
"Sao Paulo, Brazil",2026-02-08 04:00:00,11.97091507254702
"Sao Paulo, Brazil",2026-02-08 05:00:00,10.985280898579271
"Sao Paulo, Brazil",2026-02-08 06:00:00,10.559131562853596
"Sao Paulo, Brazil",2026-02-08 07:00:00,10.555677312348925
"Sao Paulo, Brazil",2026-02-08 08:00:00,9.387386991042064
"Sao Paulo, Brazil",2026-02-08 09:00:00,8.24706688962627
"Sao Paulo, Brazil",2026-02-08 10:00:00,8.341325935254357
"Sao Paulo, Brazil",2026-02-08 11:00:00,9.885216586437794
"Sao Paulo, Brazil",2026-02-08 12:00:00,11.153629323698107
"Sao Paulo, Brazil",2026-02-08 13:00:00,12.36659458782834
"Sao Paulo, Brazil",2026-02-08 14:00:00,12.517491788859507
"Sao Paulo, Brazil",2026-02-08 15:00:00,13.807132788997855
"Sao Paulo, Brazil",2026-02-08 16:00:00,12.812458173360733
"Sao Paulo, Brazil",2026-02-08 17:00:00,12.872726909714565
"Sao Paulo, Brazil",2026-02-08 18:00:00,12.95251300302641
"Sao Paulo, Brazil",2026-02-08 19:00:00,15.015795048385558
"Sao Paulo, Brazil",2026-02-08 20:00:00,16.653781383663024
"Sao Paulo, Brazil",2026-02-08 21:00:00,16.041482378324908
"Sao Paulo, Brazil",2026-02-08 22:00:00,15.688656252798335
"Sao Paulo, Brazil",2026-02-08 23:00:00,15.104755365665376
"Sao Paulo, Brazil",2026-02-09 00:00:00,14.164071247441761
"Sao Paulo, Brazil",2026-02-09 01:00:00,14.938120944551853
"Sao Paulo, Brazil",2026-02-09 02:00:00,15.666647586676548
"Sao Paulo, Brazil",2026-02-09 03:00:00,14.996889502055572
"Sao Paulo, Brazil",2026-02-09 04:00:00,14.509072525754846
"Sao Paulo, Brazil",2026-02-09 05:00:00,14.309193242642563
"Sao Paulo, Brazil",2026-02-09 06:00:00,15.341855935351646
"Sao Paulo, Brazil",2026-02-09 07:00:00,16.8958684933108
"Sao Paulo, Brazil",2026-02-09 08:00:00,17.54632946598135
"Sao Paulo, Brazil",2026-02-09 09:00:00,15.309576028872888
"Sao Paulo, Brazil",2026-02-09 10:00:00,15.989578971385878
"Sao Paulo, Brazil",2026-02-09 11:00:00,14.79394972186092
"Sao Paulo, Brazil",2026-02-09 12:00:00,16.74461066351436
"Sao Paulo, Brazil",2026-02-09 13:00:00,15.31278914316034
"Sao Paulo, Brazil",2026-02-09 14:00:00,14.829306272564061
"Sao Paulo, Brazil",2026-02-09 15:00:00,12.06527437388378
"Sao Paulo, Brazil",2026-02-09 16:00:00,11.496215078306006
"Sao Paulo, Brazil",2026-02-09 17:00:00,10.873753366497375
"Sao Paulo, Brazil",2026-02-09 18:00:00,13.695896987568986
"Sao Paulo, Brazil",2026-02-09 19:00:00,18.93903200624224
"Sao Paulo, Brazil",2026-02-09 20:00:00,26.219757393092735
"Sao Paulo, Brazil",2026-02-09 21:00:00,31.10480573181655
"Sao Paulo, Brazil",2026-02-09 22:00:00,30.65449205278461
"Sao Paulo, Brazil",2026-02-09 23:00:00,29.611282089650775
"Sao Paulo, Brazil",2026-02-10 00:00:00,27.929279098770348
"Sao Paulo, Brazil",2026-02-10 01:00:00,26.759388584226542
"Sao Paulo, Brazil",2026-02-10 02:00:00,27.961329255384946
"Sao Paulo, Brazil",2026-02-10 03:00:00,24.66251278487886
"Sao Paulo, Brazil",2026-02-10 04:00:00,24.73116002789135
"Sao Paulo, Brazil",2026-02-10 05:00:00,22.05876715504384
"Sao Paulo, Brazil",2026-02-10 06:00:00,23.02766740595565
"Sao Paulo, Brazil",2026-02-10 07:00:00,20.921302513282455
"Sao Paulo, Brazil",2026-02-10 08:00:00,18.519451141927885
"Sao Paulo, Brazil",2026-02-10 09:00:00,13.8479162420684
"Sao Paulo, Brazil",2026-02-10 10:00:00,11.720590572668641
"Sao Paulo, Brazil",2026-02-10 11:00:00,11.936056259461711
"Sao Paulo, Brazil",2026-02-10 12:00:00,12.404022873081354
"Sao Paulo, Brazil",2026-02-10 13:00:00,12.883383942146528
"Sao Paulo, Brazil",2026-02-10 14:00:00,13.258093427483496
"Sao Paulo, Brazil",2026-02-10 15:00:00,13.67151101803797
"Sao Paulo, Brazil",2026-02-10 16:00:00,13.385199071685786
"Sao Paulo, Brazil",2026-02-10 17:00:00,13.807306340438904
"Sao Paulo, Brazil",2026-02-10 18:00:00,14.301504880360492
"Sao Paulo, Brazil",2026-02-10 19:00:00,18.25584776741041
"Sao Paulo, Brazil",2026-02-10 20:00:00,20.90260177858212
"Sao Paulo, Brazil",2026-02-10 21:00:00,25.488710913914545
"Sao Paulo, Brazil",2026-02-10 22:00:00,26.870361212025834
"Sao Paulo, Brazil",2026-02-10 23:00:00,26.824524725288438
"Sao Paulo, Brazil",2026-02-11 00:00:00,25.082709572379564
"Sao Paulo, Brazil",2026-02-11 01:00:00,20.88558512558745
"Sao Paulo, Brazil",2026-02-11 02:00:00,17.12478914022267
"Sao Paulo, Brazil",2026-02-11 03:00:00,14.489576354363347
"Sao Paulo, Brazil",2026-02-11 04:00:00,14.818753095636598
"Sao Paulo, Brazil",2026-02-11 05:00:00,15.606393452949323
"Sao Paulo, Brazil",2026-02-11 06:00:00,14.023279052548604
"Sao Paulo, Brazil",2026-02-11 07:00:00,14.326866772071625
"Sao Paulo, Brazil",2026-02-11 08:00:00,15.885738441942998
"Sao Paulo, Brazil",2026-02-11 09:00:00,16.54626276632215
"Sao Paulo, Brazil",2026-02-11 10:00:00,12.945131118248051
"Sao Paulo, Brazil",2026-02-11 11:00:00,11.327986191816459
"Sao Paulo, Brazil",2026-02-11 12:00:00,10.536097531293423
"Sao Paulo, Brazil",2026-02-11 13:00:00,9.015827274800179
"Sao Paulo, Brazil",2026-02-11 14:00:00,9.596219991757877
"Sao Paulo, Brazil",2026-02-11 15:00:00,10.73141319320498
"Sao Paulo, Brazil",2026-02-11 16:00:00,11.654084891256815
"Sao Paulo, Brazil",2026-02-11 17:00:00,12.234425171670564
"Sao Paulo, Brazil",2026-02-11 18:00:00,12.565433605104191
"Sao Paulo, Brazil",2026-02-11 19:00:00,15.954097385036471
"Sao Paulo, Brazil",2026-02-11 20:00:00,18.987162568406898
"Sao Paulo, Brazil",2026-02-11 21:00:00,18.53853851122939
"Sao Paulo, Brazil",2026-02-11 22:00:00,18.456336785644975
"Sao Paulo, Brazil",2026-02-11 23:00:00,20.059023871801283
"Sao Paulo, Brazil",2026-02-12 00:00:00,22.69512086254398
"Sao Paulo, Brazil",2026-02-12 01:00:00,19.660068807510623
"Sao Paulo, Brazil",2026-02-12 02:00:00,16.92577602967413
"Sao Paulo, Brazil",2026-02-12 03:00:00,16.806185673862917
"Sao Paulo, Brazil",2026-02-12 04:00:00,15.310512892933502
"Sao Paulo, Brazil",2026-02-12 05:00:00,14.71725527964233
"Sao Paulo, Brazil",2026-02-12 06:00:00,12.087541189103408
"Sao Paulo, Brazil",2026-02-12 07:00:00,14.218741563743478
"Sao Paulo, Brazil",2026-02-12 08:00:00,12.995893878259515
"Sao Paulo, Brazil",2026-02-12 09:00:00,11.768070448328976
"Sao Paulo, Brazil",2026-02-12 10:00:00,10.168846875415479
"Sao Paulo, Brazil",2026-02-12 11:00:00,10.946746366107426
"Sao Paulo, Brazil",2026-02-12 12:00:00,10.39139004569165
"Sao Paulo, Brazil",2026-02-12 13:00:00,9.98361686628119
"Sao Paulo, Brazil",2026-02-12 14:00:00,9.081485750801658
"Sao Paulo, Brazil",2026-02-12 15:00:00,10.68024964952299
"Sao Paulo, Brazil",2026-02-12 16:00:00,10.685698082428406
"Sao Paulo, Brazil",2026-02-12 17:00:00,11.565571605269572
"Sao Paulo, Brazil",2026-02-12 18:00:00,11.54532713836258
"Sao Paulo, Brazil",2026-02-12 19:00:00,12.893603233109312
"Sao Paulo, Brazil",2026-02-12 20:00:00,14.707956260190677
"Sao Paulo, Brazil",2026-02-12 21:00:00,14.688041745675841
"Sao Paulo, Brazil",2026-02-12 22:00:00,15.585051060070073
"Sao Paulo, Brazil",2026-02-12 23:00:00,15.433558405705488
"Sao Paulo, Brazil",2026-02-13 00:00:00,15.476321344098904
"Sao Paulo, Brazil",2026-02-13 01:00:00,16.671642038270118
"Sao Paulo, Brazil",2026-02-13 02:00:00,16.80231202896587
"Sao Paulo, Brazil",2026-02-13 03:00:00,15.953078149674738
"Sao Paulo, Brazil",2026-02-13 04:00:00,16.406299957988345
"Sao Paulo, Brazil",2026-02-13 05:00:00,18.809593992983572
"Sao Paulo, Brazil",2026-02-13 06:00:00,20.900190397061863
"Sao Paulo, Brazil",2026-02-13 07:00:00,22.00459600309194
"Sao Paulo, Brazil",2026-02-13 08:00:00,20.11675281827295
"Sao Paulo, Brazil",2026-02-13 09:00:00,15.818816649020144
"Sao Paulo, Brazil",2026-02-13 10:00:00,13.833981973060034
"Sao Paulo, Brazil",2026-02-13 11:00:00,12.165429207206344
"Sao Paulo, Brazil",2026-02-13 12:00:00,10.856776426413408
"Sao Paulo, Brazil",2026-02-13 13:00:00,9.345547397057024
"Sao Paulo, Brazil",2026-02-13 14:00:00,10.3113044087422
"Sao Paulo, Brazil",2026-02-13 15:00:00,11.647714379861661
"Sao Paulo, Brazil",2026-02-13 16:00:00,11.590291279561267
"Sao Paulo, Brazil",2026-02-13 17:00:00,12.915387811046173
"Sao Paulo, Brazil",2026-02-13 18:00:00,13.93017353414725
"Sao Paulo, Brazil",2026-02-13 19:00:00,17.22158191657082
"Sao Paulo, Brazil",2026-02-13 20:00:00,20.120933276474773
"Sao Paulo, Brazil",2026-02-13 21:00:00,22.518992528266523
"Sao Paulo, Brazil",2026-02-13 22:00:00,25.572833960742187
"Sao Paulo, Brazil",2026-02-13 23:00:00,27.07378281030503
